[
  {
    "version": "2.1.0",
    "versionNumber": 20100,
    "builddate": "2021-06-03",
    "description": "CaptfEncoder v2.1.0 发布",
    "changes": [
      "[ADD] Factordb",
      "[ADD] IP ASN",
      "[ADD] IP info",
      "[ADD] IP Whois",
      "[ADD] Whois",
	    "[ADD] RSA generate key",
	    "[UP]  RSA crypto" 	  
    ]
  },
  {
    "version": "2.0.1",
    "versionNumber": 20001,
    "builddate": "2021-04-14",
    "description": "CaptfEncoder v2.0.1 发布",
    "changes": [
      
    ]
  },
  {
    "version": "1.3.0",
    "versionNumber": 10300,
    "builddate": "2019-06-24",
    "description": "CaptfEncoder v1.3.0 发布",
    "changes": [
      "[ADD] RegExp Creator",
      "[ADD] Bubble Babble",
      "[ADD] 国密 SM3",
      "[ADD] Http Request",
      "[ADD] Restful Client"
    ]
  },
  {
    "version": "1.2.0",
    "versionNumber": 10200,
    "builddate": "2018-12-01",
    "description": "CaptfEncoder v1.2.0 发布",
    "changes": [
      "[ADD] Punycode",
      "[ADD] File Type",
      "[ADD] File Hash",
      "[ADD] Image Exif",
      "[ADD] Gif Image",
      "[ADD] QR Code",
      "[ADD] HMAC",
      "[ADD] RC2",
      "[ADD] Bcrypt",
      "[ADD] Scrypt"
    ]
  },
  {
    "version": "1.1.0",
    "versionNumber": 10100,
    "builddate": "2018-11-04",
    "description": "CaptfEncoder v1.1.0 发布",
    "changes": [

    ]
  },
  {
    "version": "1.0.0",
    "versionNumber": 10000,
    "builddate": "2018-10-19",
    "description": "CaptfEncoder v1.0.0 发布",
    "changes": []
  }
]
